{"cameraMode":{"drawMode":0,"name":"Shaded","section":"Shading Mode"},"sceneLighting":true,"audioPlay":false,"sceneViewState":{"showFog":true,"showMaterialUpdate":false,"showSkybox":true,"showFlares":true,"showImageEffects":true,"showParticleSystems":true},"in2DMode":false,"pivot":{"x":-1.557446002960205,"y":0.571192741394043,"z":-10.756790161132813},"rotation":{"x":-0.005719843320548534,"y":0.9890208840370178,"z":-0.14220984280109406,"w":-0.03977964073419571},"size":33.337379455566409,"orthographic":false}