{"cameraMode":{"drawMode":0,"name":"Shaded","section":"Shading Mode"},"sceneLighting":true,"audioPlay":false,"sceneViewState":{"showFog":true,"showMaterialUpdate":false,"showSkybox":true,"showFlares":true,"showImageEffects":true,"showParticleSystems":true},"in2DMode":false,"pivot":{"x":-2.304513692855835,"y":-3.0743513107299806,"z":-10.502546310424805},"rotation":{"x":-0.03241286426782608,"y":0.9262306094169617,"z":-0.3665262460708618,"w":-0.0819050595164299},"size":30.803367614746095,"orthographic":false}